Workbook

Sheet Dashboard
A1: CAMPUS ENERGY SAVING SYSTEM — EXCEL DASHBOARD
A3: Measure → Analyze → Automate → Save
A5: Total Before | D5: Total After | G5: Energy Saved | J5: Overall Saving
A6: =Analysis!A4 -> 11642.5 | D6: =Analysis!C4 -> 10180.1 | G6: =Analysis!E4 -> 1462.1 | J6: =Analysis!G4 -> 0.12558299
A9: KEY TRENDS TO PRESENT | H9: ENGINEERING INTERPRETATION
A10: 1. Before vs after smart control shows the measurable effect. | H10: SENSE | I10: PIR occupancy + LDR daylight + temperature + smart meter
A11: 2. Rank zones to identify the highest energy-consuming area. | H11: ANALYZE | I11: kWh + occupancy + runtime + peak demand
A12: 3. Compare lighting, fans, HVAC and plug/lab loads. | H12: ACT | I12: Smart relays, dimming, HVAC schedules
A13: 4. Link occupancy with energy to detect avoidable runtime. | H13: VERIFY | I13: Measure before/after and saving %
A14: 5. Track daily patterns and peak periods. | H14: IMPROVE | I14: Tune rules and scale from one block to campus
A15: 6. Report kWh saved and saving % instead of vague claims.

Sheet Sample Data
A1: CAMPUS ENERGY SAVING SYSTEM — SAMPLE DATA
A3: Date | B3: Day | C3: Zone | D3: Occupancy (%) | E3: Lighting (kWh) | F3: Fans (kWh) | G3: HVAC (kWh) | H3: Plug/Lab Loads (kWh) | I3: Total Before (kWh) | J3: Smart Control Saving (kWh) | K3: Total After (kWh) | L3: Saving (%)
A4: 46235 | B4: Saturday | C4: Classroom Block | D4: 48 | E4: 30.7 | F4: 22.5 | G4: 29.2 | H4: 17.4 | I4: 99.9 | J4: 14 | K4: 85.9 | L4: 0.1397065
A5: 46235 | B5: Saturday | C5: Laboratory | D5: 46 | E5: 21.7 | F5: 14.3 | G5: 15.6 | H5: 40.9 | I5: 92.5 | J5: 9.1 | K5: 83.4 | L5: 0.098492771
A6: 46235 | B6: Saturday | C6: Hostel | D6: 50 | E6: 24.2 | F6: 19.9 | G6: 22.5 | H6: 32.2 | I6: 98.8 | J6: 10.5 | K6: 88.3 | L6: 0.1065313
A7: 46235 | B7: Saturday | C7: Library/Admin | D7: 40 | E7: 17.7 | F7: 11.4 | G7: 15.5 | H7: 13.9 | I7: 58.5 | J7: 6.9 | K7: 51.6 | L7: 0.11732913
A8: 46236 | B8: Sunday | C8: Classroom Block | D8: 42 | E8: 28.5 | F8: 21.7 | G8: 24.9 | H8: 14.5 | I8: 89.6 | J8: 15.8 | K8: 73.9 | L8: 0.17580632
A9: 46236 | B9: Sunday | C9: Laboratory | D9: 33 | E9: 20.1 | F9: 13.3 | G9: 14.3 | H9: 37.2 | I9: 84.9 | J9: 11.1 | K9: 73.8 | L9: 0.13060554
A10: 46236 | B10: Sunday | C10: Hostel | D10: 66 | E10: 27.4 | F10: 22.4 | G10: 22.3 | H10: 31.4 | I10: 103.5 | J10: 9.4 | K10: 94.1 | L10: 0.090707359
A11: 46236 | B11: Sunday | C11: Library/Admin | D11: 40 | E11: 16.8 | F11: 10.9 | G11: 15.4 | H11: 9.9 | I11: 53.1 | J11: 8.2 | K11: 44.9 | L11: 0.15399148
A12: 46237 | B12: Monday | C12: Classroom Block | D12: 58 | E12: 37.7 | F12: 29.5 | G12: 29.1 | H12: 18.5 | I12: 114.7 | J12: 17.1 | K12: 97.6 | L12: 0.14939689
A13: 46237 | B13: Monday | C13: Laboratory | D13: 48 | E13: 24.6 | F13: 18.4 | G13: 16.1 | H13: 42 | I13: 101.2 | J13: 12.1 | K13: 89.1 | L13: 0.11944816
A14: 46237 | B14: Monday | C14: Hostel | D14: 67 | E14: 31 | F14: 24.6 | G14: 26.9 | H14: 35 | I14: 117.5 | J14: 13.6 | K14: 103.9 | L14: 0.11591767
A15: 46237 | B15: Monday | C15: Library/Admin | D15: 50 | E15: 21.4 | F15: 14.2 | G15: 15.2 | H15: 12.4 | I15: 63.1 | J15: 9.9 | K15: 53.2 | L15: 0.15699839
... A123: 46264 | B123: Sunday | C123: Library/Admin | D123: 26 | E123: 15.8 | F123: 10.3 | G123: 12.7 | H123: 12.2 | I123: 51 | J123: 6.1 | K123: 44.9 | L123: 0.11997224

Sheet Analysis
A1: ANALYSIS — IMPORTANT ENERGY TRENDS
A3: Total Before (kWh) | C3: Total After (kWh) | E3: Energy Saved (kWh) | G3: Overall Saving (%)
A4: =SUM('Sample Data'!I4:I123) -> 11642.5 | C4: =SUM('Sample Data'!K4:K123) -> 10180.1 | E4: =SUM('Sample Data'!J4:J123) -> 1462.1 | G4: =SUM('Sample Data'!J4:J123)/SUM('Sample Data'!I4:I123) -> 0.12558299
A7: Zone | B7: Before (kWh) | C7: After (kWh) | D7: Saved (kWh) | E7: Saving (%) | F7: Interpretation
A8: Classroom Block | B8: =SUMIF('Sample Data'!C:C,A8,'Sample Data'!I:I) -> 3320 | C8: =SUMIF('Sample Data'!C:C,A8,'Sample Data'!K:K) -> 2803.8 | D8: =B8-C8 -> 516.2 | E8: =D8/B8 -> 0.15548193 | F8: =IF(E8>=0.14,"Strong saving opportunity","Moderate saving opportunity") -> Strong saving opportunity
A9: Laboratory | B9: =SUMIF('Sample Data'!C:C,A9,'Sample Data'!I:I) -> 3113.8 | C9: =SUMIF('Sample Data'!C:C,A9,'Sample Data'!K:K) -> 2748.7 | D9: =B9-C9 -> 365.1 | E9: =D9/B9 -> 0.11725223 | F9: =IF(E9>=0.14,"Strong saving opportunity","Moderate saving opportunity") -> Moderate saving opportunity
A10: Hostel | B10: =SUMIF('Sample Data'!C:C,A10,'Sample Data'!I:I) -> 3454.6 | C10: =SUMIF('Sample Data'!C:C,A10,'Sample Data'!K:K) -> 3118.9 | D10: =B10-C10 -> 335.7 | E10: =D10/B10 -> 0.097174781 | F10: =IF(E10>=0.14,"Strong saving opportunity","Moderate saving opportunity") -> Moderate saving opportunity
A11: Library/Admin | B11: =SUMIF('Sample Data'!C:C,A11,'Sample Data'!I:I) -> 1754.1 | C11: =SUMIF('Sample Data'!C:C,A11,'Sample Data'!K:K) -> 1508.7 | D11: =B11-C11 -> 245.4 | E11: =D11/B11 -> 0.1399008 | F11: =IF(E11>=0.14,"Strong saving opportunity","Moderate saving opportunity") -> Moderate saving opportunity
A14: Energy Component | B14: Total (kWh) | C14: Share (%) | D14: Engineering Meaning
A15: Lighting | B15: =SUM('Sample Data'!E4:E123) -> 3385.9 | C15: =B15/SUM('Sample Data'!I4:I123) -> 0.29082242 | D15: Use occupancy + daylight sensing.
A16: Fans | B16: =SUM('Sample Data'!F4:F123) -> 2469.3 | C16: =B16/SUM('Sample Data'!I4:I123) -> 0.21209362 | D16: Align runtime with occupancy.
A17: HVAC | B17: =SUM('Sample Data'!G4:G123) -> 2610.5 | C17: =B17/SUM('Sample Data'!I4:I123) -> 0.2242216 | D17: Optimize schedules and setpoints.
A18: Plug/Lab Loads | B18: =SUM('Sample Data'!H4:H123) -> 3176.8 | C18: =B18/SUM('Sample Data'!I4:I123) -> 0.27286236 | D18: Use priority-based control for critical equipment.
A21: Date | B21: Before (kWh) | C21: After (kWh) | D21: Saved (kWh) | E21: Saving (%)
A22: 46235 | B22: =SUMIF('Sample Data'!A:A,A22,'Sample Data'!I:I) -> 349.7 | C22: =SUMIF('Sample Data'!A:A,A22,'Sample Data'!K:K) -> 309.2 | D22: =B22-C22 -> 40.5 | E22: =D22/B22 -> 0.11581355
A23: 46236 | B23: =SUMIF('Sample Data'!A:A,A23,'Sample Data'!I:I) -> 331.1 | C23: =SUMIF('Sample Data'!A:A,A23,'Sample Data'!K:K) -> 286.7 | D23: =B23-C23 -> 44.4 | E23: =D23/B23 -> 0.13409846
A24: 46237 | B24: =SUMIF('Sample Data'!A:A,A24,'Sample Data'!I:I) -> 396.5 | C24: =SUMIF('Sample Data'!A:A,A24,'Sample Data'!K:K) -> 343.8 | D24: =B24-C24 -> 52.7 | E24: =D24/B24 -> 0.13291299
A25: 46238 | B25: =SUMIF('Sample Data'!A:A,A25,'Sample Data'!I:I) -> 417.6 | C25: =SUMIF('Sample Data'!A:A,A25,'Sample Data'!K:K) -> 367.4 | D25: =B25-C25 -> 50.2 | E25: =D25/B25 -> 0.12021073
A26: 46239 | B26: =SUMIF('Sample Data'!A:A,A26,'Sample Data'!I:I) -> 412.1 | C26: =SUMIF('Sample Data'!A:A,A26,'Sample Data'!K:K) -> 361.7 | D26: =B26-C26 -> 50.4 | E26: =D26/B26 -> 0.12230041
A27: 46240 | B27: =SUMIF('Sample Data'!A:A,A27,'Sample Data'!I:I) -> 407.2 | C27: =SUMIF('Sample Data'!A:A,A27,'Sample Data'!K:K) -> 351.6 | D27: =B27-C27 -> 55.6 | E27: =D27/B27 -> 0.13654224
A28: 46241 | B28: =SUMIF('Sample Data'!A:A,A28,'Sample Data'!I:I) -> 390.9 | C28: =SUMIF('Sample Data'!A:A,A28,'Sample Data'!K:K) -> 343.1 | D28: =B28-C28 -> 47.8 | E28: =D28/B28 -> 0.12228191
A29: 46242 | B29: =SUMIF('Sample Data'!A:A,A29,'Sample Data'!I:I) -> 366.1 | C29: =SUMIF('Sample Data'!A:A,A29,'Sample Data'!K:K) -> 319.6 | D29: =B29-C29 -> 46.5 | E29: =D29/B29 -> 0.12701448
A30: 46243 | B30: =SUMIF('Sample Data'!A:A,A30,'Sample Data'!I:I) -> 348.9 | C30: =SUMIF('Sample Data'!A:A,A30,'Sample Data'!K:K) -> 309.2 | D30: =B30-C30 -> 39.7 | E30: =D30/B30 -> 0.11378619
A31: 46244 | B31: =SUMIF('Sample Data'!A:A,A31,'Sample Data'!I:I) -> 427.9 | C31: =SUMIF('Sample Data'!A:A,A31,'Sample Data'!K:K) -> 376 | D31: =B31-C31 -> 51.9 | E31: =D31/B31 -> 0.12129002
A32: 46245 | B32: =SUMIF('Sample Data'!A:A,A32,'Sample Data'!I:I) -> 408.9 | C32: =SUMIF('Sample Data'!A:A,A32,'Sample Data'!K:K) -> 357.2 | D32: =B32-C32 -> 51.7 | E32: =D32/B32 -> 0.12643678
A33: 46246 | B33: =SUMIF('Sample Data'!A:A,A33,'Sample Data'!I:I) -> 388.2 | C33: =SUMIF('Sample Data'!A:A,A33,'Sample Data'!K:K) -> 344.5 | D33: =B33-C33 -> 43.7 | E33: =D33/B33 -> 0.11257084
... A51: 46264 | B51: =SUMIF('Sample Data'!A:A,A51,'Sample Data'!I:I) -> 347 | C51: =SUMIF('Sample Data'!A:A,A51,'Sample Data'!K:K) -> 302.2 | D51: =B51-C51 -> 44.8 | E51: =D51/B51 -> 0.12910663

Sheet Charts
A1: VISUAL ANALYTICS — CAMPUS ENERGY SAVING SYSTEM

Sheet Project Notes
A1: PROJECT GUIDE — EXCEL PRESENTATION NOTES
A3: Objective | B3: Use campus energy data to identify waste, compare patterns and demonstrate automated energy control.
A4: Excel flow | B4: Sample Data → Analysis → Charts → Dashboard → Recommendation.
A5: Bar graph | B5: Compare energy consumption Before vs After Smart Control for each campus zone.
A6: Line graph | B6: Show daily energy trends and whether savings are consistent over time.
A7: Pie chart | B7: Show the share of energy used by lighting, fans, HVAC and plug/lab loads.
A8: Strong trend | B8: Compare occupancy with energy consumption. High energy at low occupancy indicates possible avoidable runtime.
A9: KPIs | B9: Total kWh, energy saved, saving %, peak kW, avoidable runtime and CO₂ avoided.
A10: System link | B10: PIR/LDR/temperature/meter data feeds an EMS; smart controls adjust lighting, fans and HVAC.
A11: Presentation line | B11: “We don't save energy by guesswork; we measure it, analyze it, automate it and verify the savings.”
A12: Important data note | B12: The workbook uses illustrative sample values because the actual numeric sample dataset was not available. Replace the Sample Data sheet with your real data before claiming measured results.
